timestamp	commit	skill	old_score	new_score	status	dimension	note	eval_mode
2026-10-01T23:36	baseline	embed-a-model-in-bead-and-density-models	-	84.1	baseline	-	结构 64.5 + 实测 19.6；dim8 三题 A 9v5(clear) B 9v6.5(clear) C 7v7(tie)；加权短板 dim4 3.0/dim2 2.4/dim9 1.8	full_test
2026-10-01T23:38	52d7c4f	embed-a-model-in-bead-and-density-models	(paired)	3-0 better	keep	dim4	paired 3-0（3 slight）：🔴 检查点五停点表（NSD>1 / 姿态散布>5 Å / 覆盖旧结果 / 重建珠模型 / 偏离默认口径）+ E 节回指	paired
2026-10-01T23:40	29c874c	embed-a-model-in-bead-and-density-models	(paired)	3-0 better	keep	dim2	paired 3-0（3 slight）：E 节九步每步补「输入：/输出：」+ step8 验收行；连续两轮 slight → HL-4 收手	paired
2026-10-01T23:41	29c874c	embed-a-model-in-bead-and-density-models	84.1	87.5	post	dim4+dim2	dim4 5→9（五停点表）dim2 8→9（输入/输出）；绝对分只做 triage（judge ±8 噪音），keep 依据是两轮 paired 3-0	dry_run
2026-10-02T00:10	baseline	compare-model-curve-with-existing-fits	-	84.3	baseline	-	结构 63.6 + 实测 20.7；dim8=9（2 prompt × 2 臂实跑：带技能输出 1.267/datcmp 口径/DENSS 重采样虚高；不带技能漏 --constant → 4.27 且结论反向「不比珠模型更贴」）；加权短板 dim3 3.6 / dim4 3.0 / dim8 2.3	full_test
2026-10-02T00:12	01293fb	compare-model-curve-with-existing-fits	(paired)	3-0 better	keep	dim3	paired 3-0（3 clear）：新增 F 节 if-then 三段式故障表（触发条件/一线修复/仍失败兜底，14 条全部来自实测：datcmp 哨兵、只有水的链、重采样虚高、裁 q 只降 6.6 等）	paired
2026-10-02T00:14	c66edff	compare-model-curve-with-existing-fits	(paired)	3-0 better	keep	dim4	paired 3-0（2 clear / 1 slight；slight 的理由是与 F 节有重复）：新增六道 🔴 STOP 闸门表 + E 节四处内联 STOP 标记	paired
2026-10-02T00:16	756f6be	compare-model-curve-with-existing-fits	(paired)	3-0 better	keep	dim8	paired 3-0（1 clear / 1 slight / 1 未注 margin；slight 的理由=示例 --qmin 与样例输出不一致，已单独修正）：Step4 可粘绝对路径命令+实测控制台样例、Step9 三段式回答规范、README 告警只统计参与排序曲线	paired
2026-10-02T00:22	17feeba	compare-model-curve-with-existing-fits	84.3	92.7	post	dim3+dim4+dim8	dim3 7→9（F 节 if-then 故障表）dim4 5→9（六道 🔴 STOP）dim2 9→10 dim5 9→10 dim9 8→9；体积 25.9→33.0 KB；绝对分只作 triage，keep 依据是三轮 paired 3-0	dry_run
2026-10-02T01:31	f2975df	run-a-sec-saxs-pipeline-end-to-end	-	81.0	baseline	-	9 维基线（主agent 打 dim1-7/9，dim8 用 2 个独立子agent 做带/不带 skill 对照）：dim1 9 / dim2 9 / dim3 6 / dim4 4 / dim5 9 / dim6 9 / dim7 8 / dim8 9 / dim9 7；加权缺口排序 dim3 4.8（失败分支稀疏，仅 ~5 处）> dim4 3.6（全文无可识别 🔴/STOP 检查点标记）> dim7 2.4 > dim8 2.3 > dim9 1.8；runtime 红灯扫描 clean	full_test
2026-10-02T01:31	f2975df	run-a-sec-saxs-pipeline-end-to-end	-	-	fact_fix	dim5/dim8	dim8 带 skill 臂实测暴露事实错误：SKILL.md 把 4EH2-KDPV-ZN 写成“445 帧、无 .txt/.Iochamber/.log”（会被导向 --no-header-normalization 白丢逐帧归一化）；实际同一名下有两个下机批次（445 帧旧批 / 1500 帧带线站 txt 新批）→ 已加消歧段并改写 3 处引用	full_test
2026-10-02T01:32	692c96f	run-a-sec-saxs-pipeline-end-to-end	(paired)	3-0 better	keep	dim3	paired 3-0（1 clear / 2 slight）：新增「出问题时怎么办」if-then 三段式故障表 14 条（触发原话→一线修复→仍失败兜底+必须写进 README）+ Step 0 失败分支；三位 judge 都点名“把散落在坑段的现象式教训变成可扫描排障索引”；体积 47.7→52.1 KB	paired
2026-10-02T01:32	498a981	run-a-sec-saxs-pipeline-end-to-end	(paired)	3-0 better	keep	dim4	paired 3-0（3 slight）：新增六道 🔴 STOP 闸门表（位置/要确认什么看哪个文件/不满足就停在哪里做什么）+ Step 1/3/4 内联 🔴 标记；judge 一致指出“A 版全文零 🔴/STOP，关键决策前无强制停点”，并认定新增属“把散落规则提级为闸门索引”而非注水	paired
2026-10-02T01:34	ae3f07f	run-a-sec-saxs-pipeline-end-to-end	(paired)	3-0 worse	revert	dim7	paired 3-0 worse（3 slight）→ git revert d9c3255：去重把「## 相关 skills」标题吃掉（末尾 8 条相关技能变孤儿条目）、删掉故障表未覆盖的实测数字（frame_params 69→112 帧 / calc_thresh 1.02 / DENSS Rg15.9・Dmax189-357 / --buffer-range 示例 / ATSAS 下载链接），并新写了一个错命令 write-readme.py --out；judge 逐条点名，回滚后与 round2 态逐字节一致	paired
2026-10-02T01:34	ae3f07f	run-a-sec-saxs-pipeline-end-to-end	81.0	87.6	post	dim3+dim4	dim3 6→9（if-then 故障表 14 条）dim4 4→9（六道 🔴 STOP 闸门 + 内联标记）dim5 9→9 dim7 8（去重被回退，冗余保留）dim8 9；SKILL.md 47.7→54.9 KB；keep 依据是两轮 paired 3-0（绝对分只作 triage）；中断原因 HL-4：连续两轮 judge 均判 slight	paired
